request-method;request-path;response-status;tiempo;;;;
GET;/;302;86,9011;;;;
GET;/;302;4,4962;;;;
GET;/;302;3,4882;;;;
GET;/;302;4,0058;;;;
GET;/;302;2,9245;;;Columna1;
GET;/;302;2,0061;;;;
GET;/;302;2,7426;;;Media;27,26158354
GET;/;302;2,6779;;;Error típico;1,226085287
GET;/;302;2,2779;;;Mediana;21,72185
GET;/;302;2,4624;;;Moda;#N/D
GET;/;302;2,3101;;;Desviación estándar;22,20534897
GET;/;302;2,5275;;;Varianza de la muestra;493,0775229
GET;/;302;3,6336;;;Curtosis;3,651737065
GET;/;302;2,7537;;;Coeficiente de asimetría;1,700709758
GET;/;302;2,1807;;;Rango;139,7936
GET;/;302;3,032;;;Mínimo;2,6906
GET;/;302;2,2613;;;Máximo;142,4842
GET;/;302;1,724;;;Suma;8941,7994
GET;/;302;2,4339;;;Cuenta;328
GET;/;302;2,3449;;;Nivel de confianza(95,0%);2,41201028
GET;/;302;2,5808;;;;
GET;/;302;3,4164;;;;
GET;/;302;1,7538;;;;
GET;/;302;2,2686;;;;
GET;/;302;3,2292;;;;
GET;/;302;1,7593;;;;
GET;/;302;2,2357;;;;
GET;/;302;2,0849;;;;
GET;/;302;2,0758;;;;
GET;/;302;1,3595;;;;
GET;/;302;1,2279;;;;
GET;/;302;2,3371;;;;
GET;/;302;2,7081;;;;
GET;/;302;1,8593;;;;
GET;/;302;2,2134;;;;
GET;/;302;2,2119;;;;
GET;/;302;2,1444;;;;
GET;/;302;1,6027;;;;
GET;/;302;1,8566;;;;
GET;/;302;1,5881;;;;
GET;/;302;1,4697;;;;
GET;/;302;1,2137;;;;
GET;/;302;1,3142;;;;
GET;/;302;1,2688;;;;
GET;/;302;4,0916;;;;
GET;/;302;1,1279;;;;
GET;/;302;1,2563;;;;
GET;/;302;1,0812;;;;
GET;/;302;1,2173;;;;
GET;/;302;1,1843;;;;
GET;/;302;1,3593;;;;
GET;/;302;1,1326;;;;
GET;/;302;1,1103;;;;
GET;/;302;1,2322;;;;
GET;/;302;1,4469;;;;
GET;/;302;1,2886;;;;
GET;/;302;1,6818;;;;
GET;/;302;1,2957;;;;
GET;/;302;2,06;;;;
GET;/;302;2,7232;;;;
GET;/;302;1,6636;;;;
GET;/;302;1,846;;;;
GET;/;302;2,2228;;;;
GET;/;302;2,5167;;;;
GET;/;302;1,9809;;;;
GET;/;302;2,8011;;;;
GET;/;302;1,7016;;;;
GET;/;302;1,9187;;;;
GET;/;302;1,5034;;;;
GET;/;302;1,8322;;;;
GET;/;302;1,5607;;;;
GET;/;302;2,9048;;;;
GET;/;302;2,1284;;;;
GET;/;302;1,5697;;;;
GET;/;302;2,2981;;;;
GET;/;302;1,5286;;;;
GET;/;302;2,6177;;;;
GET;/;302;2,5431;;;;
GET;/;302;1,597;;;;
GET;/anonymous/system/sign-in;200;10,084;;;;
POST;/anonymous/system/sign-in;302;30,903;;;;
GET;/anonymous/system/sign-in;200;4,4013;;;;
POST;/anonymous/system/sign-in;302;7,0966;;;;
GET;/anonymous/system/sign-in;200;3,1101;;;;
POST;/anonymous/system/sign-in;302;9,2793;;;;
GET;/anonymous/system/sign-in;200;3,0453;;;;
POST;/anonymous/system/sign-in;302;7,2239;;;;
GET;/anonymous/system/sign-in;200;3,3931;;;;
POST;/anonymous/system/sign-in;302;8,3632;;;;
GET;/anonymous/system/sign-in;200;2,587;;;;
POST;/anonymous/system/sign-in;302;7,2148;;;;
GET;/anonymous/system/sign-in;200;2,8231;;;;
POST;/anonymous/system/sign-in;302;8,5262;;;;
GET;/anonymous/system/sign-in;200;2,4389;;;;
POST;/anonymous/system/sign-in;302;6,3227;;;;
GET;/anonymous/system/sign-in;200;3,0304;;;;
POST;/anonymous/system/sign-in;302;8,4134;;;;
GET;/anonymous/system/sign-in;200;2,4773;;;;
POST;/anonymous/system/sign-in;302;6,9227;;;;
GET;/anonymous/system/sign-in;200;2,3458;;;;
POST;/anonymous/system/sign-in;302;8,5906;;;;
GET;/anonymous/system/sign-in;200;2,78;;;;
POST;/anonymous/system/sign-in;302;6,5892;;;;
GET;/anonymous/system/sign-in;200;1,9725;;;;
POST;/anonymous/system/sign-in;302;7,3311;;;;
GET;/anonymous/system/sign-in;200;2,6488;;;;
POST;/anonymous/system/sign-in;302;7,2076;;;;
GET;/anonymous/system/sign-in;200;2,6083;;;;
POST;/anonymous/system/sign-in;302;7,2295;;;;
GET;/anonymous/system/sign-in;200;3,5236;;;;
POST;/anonymous/system/sign-in;302;6,8236;;;;
GET;/anonymous/system/sign-in;200;2,5756;;;;
POST;/anonymous/system/sign-in;302;7,2473;;;;
GET;/anonymous/system/sign-in;200;2,6473;;;;
POST;/anonymous/system/sign-in;302;6,8399;;;;
GET;/anonymous/system/sign-in;200;1,5417;;;;
POST;/anonymous/system/sign-in;302;4,9583;;;;
GET;/anonymous/system/sign-in;200;1,5122;;;;
POST;/anonymous/system/sign-in;302;4,6708;;;;
GET;/anonymous/system/sign-in;200;2,2625;;;;
POST;/anonymous/system/sign-in;302;9,3054;;;;
GET;/anonymous/system/sign-in;200;2,0998;;;;
POST;/anonymous/system/sign-in;302;7,0763;;;;
GET;/anonymous/system/sign-in;200;2,22;;;;
POST;/anonymous/system/sign-in;302;5,6899;;;;
GET;/anonymous/system/sign-in;200;2,0984;;;;
POST;/anonymous/system/sign-in;302;6,8534;;;;
GET;/anonymous/system/sign-in;200;2,3959;;;;
POST;/anonymous/system/sign-in;302;6,5541;;;;
GET;/anonymous/system/sign-in;200;2,2088;;;;
POST;/anonymous/system/sign-in;302;7,0202;;;;
GET;/anonymous/system/sign-in;200;1,5355;;;;
POST;/anonymous/system/sign-in;302;5,2769;;;;
GET;/anonymous/system/sign-in;200;1,4174;;;;
POST;/anonymous/system/sign-in;302;4,3684;;;;
GET;/anonymous/system/sign-in;200;1,3514;;;;
POST;/anonymous/system/sign-in;302;4,6367;;;;
GET;/anonymous/system/sign-in;200;1,5232;;;;
POST;/anonymous/system/sign-in;302;4,7332;;;;
GET;/anonymous/system/sign-in;200;1,3452;;;;
POST;/anonymous/system/sign-in;302;5,0109;;;;
GET;/anonymous/system/sign-in;200;1,4139;;;;
POST;/anonymous/system/sign-in;302;5,0427;;;;
GET;/anonymous/system/sign-in;200;1,384;;;;
POST;/anonymous/system/sign-in;302;4,6364;;;;
GET;/anonymous/system/sign-in;200;1,4702;;;;
POST;/anonymous/system/sign-in;302;4,5974;;;;
GET;/anonymous/system/sign-in;200;1,2824;;;;
POST;/anonymous/system/sign-in;302;4,66;;;;
GET;/anonymous/system/sign-in;200;1,4023;;;;
POST;/anonymous/system/sign-in;302;4,9383;;;;
GET;/anonymous/system/sign-in;200;1,347;;;;
POST;/anonymous/system/sign-in;302;4,5848;;;;
GET;/anonymous/system/sign-in;200;1,4825;;;;
POST;/anonymous/system/sign-in;302;5,1894;;;;
GET;/anonymous/system/sign-in;200;1,9369;;;;
POST;/anonymous/system/sign-in;302;7,9678;;;;
GET;/anonymous/system/sign-in;200;2,2846;;;;
POST;/anonymous/system/sign-in;302;7,1382;;;;
GET;/anonymous/system/sign-in;200;2,0272;;;;
POST;/anonymous/system/sign-in;302;6,0406;;;;
GET;/anonymous/system/sign-in;200;2,0853;;;;
POST;/anonymous/system/sign-in;302;9,6562;;;;
GET;/anonymous/system/sign-in;200;2,1837;;;;
POST;/anonymous/system/sign-in;302;7,0057;;;;
GET;/anonymous/system/sign-in;200;2,1159;;;;
POST;/anonymous/system/sign-in;302;7,0973;;;;
GET;/anonymous/system/sign-in;200;2,0831;;;;
POST;/anonymous/system/sign-in;302;7,0983;;;;
GET;/anonymous/system/sign-in;200;1,9399;;;;
POST;/anonymous/system/sign-in;302;6,4106;;;;
GET;/anonymous/system/sign-in;200;2,0431;;;;
POST;/anonymous/system/sign-in;302;6,9385;;;;
GET;/anonymous/system/sign-in;200;2,8075;;;;
POST;/anonymous/system/sign-in;302;9,5207;;;;
GET;/anonymous/system/sign-in;200;1,9739;;;;
POST;/anonymous/system/sign-in;302;6,9026;;;;
GET;/anonymous/system/sign-in;200;2,2398;;;;
POST;/anonymous/system/sign-in;302;7,6604;;;;
GET;/anonymous/system/sign-in;200;1,9092;;;;
GET;/anonymous/system/sign-in;200;1,7928;;;;
POST;/anonymous/system/sign-in;302;7,2307;;;;
GET;/anonymous/system/sign-in;200;2,7177;;;;
POST;/anonymous/system/sign-in;302;7,3954;;;;
GET;/anonymous/system/sign-in;200;1,9748;;;;
POST;/anonymous/system/sign-in;302;7,0839;;;;
GET;/any/system/welcome;200;11,3175;;;;
GET;/any/system/welcome;200;5,3672;;;;
GET;/any/system/welcome;200;3,8355;;;;
GET;/any/system/welcome;200;2,3353;;;;
GET;/any/system/welcome;200;3,4681;;;;
GET;/any/system/welcome;200;3,1054;;;;
GET;/any/system/welcome;200;2,712;;;;
GET;/any/system/welcome;200;2,0852;;;;
GET;/any/system/welcome;200;3,048;;;;
GET;/any/system/welcome;200;2,941;;;;
GET;/any/system/welcome;200;2,4785;;;;
GET;/any/system/welcome;200;2,1224;;;;
GET;/any/system/welcome;200;2,2709;;;;
GET;/any/system/welcome;200;2,1985;;;;
GET;/any/system/welcome;200;2,3787;;;;
GET;/any/system/welcome;200;2,0229;;;;
GET;/any/system/welcome;200;3,242;;;;
GET;/any/system/welcome;200;2,3508;;;;
GET;/any/system/welcome;200;2,672;;;;
GET;/any/system/welcome;200;1,7524;;;;
GET;/any/system/welcome;200;2,0349;;;;
GET;/any/system/welcome;200;2,659;;;;
GET;/any/system/welcome;200;2,1762;;;;
GET;/any/system/welcome;200;1,8626;;;;
GET;/any/system/welcome;200;1,9524;;;;
GET;/any/system/welcome;200;1,8364;;;;
GET;/any/system/welcome;200;2,2324;;;;
GET;/any/system/welcome;200;1,8723;;;;
GET;/any/system/welcome;200;2,5816;;;;
GET;/any/system/welcome;200;1,5778;;;;
GET;/any/system/welcome;200;1,7393;;;;
GET;/any/system/welcome;200;2,3492;;;;
GET;/any/system/welcome;200;3,0599;;;;
GET;/any/system/welcome;200;1,5536;;;;
GET;/any/system/welcome;200;1,8212;;;;
GET;/any/system/welcome;200;2,2486;;;;
GET;/any/system/welcome;200;1,3723;;;;
GET;/any/system/welcome;200;1,5194;;;;
GET;/any/system/welcome;200;1,1959;;;;
GET;/any/system/welcome;200;1,3671;;;;
GET;/any/system/welcome;200;1,0626;;;;
GET;/any/system/welcome;200;3,2803;;;;
GET;/any/system/welcome;200;2,2475;;;;
GET;/any/system/welcome;200;2,0121;;;;
GET;/any/system/welcome;200;1,5837;;;;
GET;/any/system/welcome;200;1,8368;;;;
GET;/any/system/welcome;200;2,0386;;;;
GET;/any/system/welcome;200;1,7624;;;;
GET;/any/system/welcome;200;1,6601;;;;
GET;/any/system/welcome;200;1,9625;;;;
GET;/any/system/welcome;200;1,5596;;;;
GET;/any/system/welcome;200;2,1135;;;;
GET;/any/system/welcome;200;1,6941;;;;
GET;/any/system/welcome;200;1,6363;;;;
GET;/any/system/welcome;200;0,9516;;;;
GET;/any/system/welcome;200;1,1667;;;;
GET;/any/system/welcome;200;0,8755;;;;
GET;/any/system/welcome;200;1,4374;;;;
GET;/any/system/welcome;200;1,6808;;;;
GET;/any/system/welcome;200;1,2208;;;;
GET;/any/system/welcome;200;1,1373;;;;
GET;/any/system/welcome;200;0,9345;;;;
GET;/any/system/welcome;200;1,5247;;;;
GET;/any/system/welcome;200;1,3597;;;;
GET;/any/system/welcome;200;1,5114;;;;
GET;/any/system/welcome;200;1,3155;;;;
GET;/any/system/welcome;200;1,1305;;;;
GET;/any/system/welcome;200;0,9655;;;;
GET;/any/system/welcome;200;1,3084;;;;
GET;/any/system/welcome;200;0,8846;;;;
GET;/any/system/welcome;200;1,2192;;;;
GET;/any/system/welcome;200;0,9581;;;;
GET;/any/system/welcome;200;1,3947;;;;
GET;/any/system/welcome;200;1,3174;;;;
GET;/any/system/welcome;200;1,5079;;;;
GET;/any/system/welcome;200;0,9476;;;;
GET;/any/system/welcome;200;1,1695;;;;
GET;/any/system/welcome;200;0,9269;;;;
GET;/any/system/welcome;200;2,0292;;;;
GET;/any/system/welcome;200;1,5259;;;;
GET;/any/system/welcome;200;2,1157;;;;
GET;/any/system/welcome;200;1,5671;;;;
GET;/any/system/welcome;200;1,8146;;;;
GET;/any/system/welcome;200;1,2215;;;;
GET;/any/system/welcome;200;1,3658;;;;
GET;/any/system/welcome;200;2,2065;;;;
GET;/any/system/welcome;200;1,8023;;;;
GET;/any/system/welcome;200;1,8128;;;;
GET;/any/system/welcome;200;1,654;;;;
GET;/any/system/welcome;200;1,5969;;;;
GET;/any/system/welcome;200;2,5894;;;;
GET;/any/system/welcome;200;1,5823;;;;
GET;/any/system/welcome;200;2,7352;;;;
GET;/any/system/welcome;200;1,271;;;;
GET;/any/system/welcome;200;1,78;;;;
GET;/any/system/welcome;200;1,3663;;;;
GET;/any/system/welcome;200;1,8104;;;;
GET;/any/system/welcome;200;2,1202;;;;
GET;/any/system/welcome;200;2,0784;;;;
GET;/any/system/welcome;200;1,3768;;;;
GET;/any/system/welcome;200;1,9191;;;;
GET;/any/system/welcome;200;1,8036;;;;
GET;/any/system/welcome;200;2,5496;;;;
GET;/any/system/welcome;200;1,3212;;;;
GET;/any/system/welcome;200;2,1463;;;;
GET;/any/system/welcome;200;1,822;;;;
GET;/any/system/welcome;200;1,9339;;;;
GET;/any/system/welcome;200;2,0453;;;;
GET;/authenticated/system/sign-out;302;4,7145;;;;
GET;/authenticated/system/sign-out;302;3,4843;;;;
GET;/authenticated/system/sign-out;302;3,2962;;;;
GET;/authenticated/system/sign-out;302;3,0857;;;;
GET;/authenticated/system/sign-out;302;3,2285;;;;
GET;/authenticated/system/sign-out;302;2,8375;;;;
GET;/authenticated/system/sign-out;302;2,7653;;;;
GET;/authenticated/system/sign-out;302;3,0416;;;;
GET;/authenticated/system/sign-out;302;2,5036;;;;
GET;/authenticated/system/sign-out;302;1,9565;;;;
GET;/authenticated/system/sign-out;302;3,1437;;;;
GET;/authenticated/system/sign-out;302;3,2777;;;;
GET;/authenticated/system/sign-out;302;2,626;;;;
GET;/authenticated/system/sign-out;302;2,7003;;;;
GET;/authenticated/system/sign-out;302;1,695;;;;
GET;/authenticated/system/sign-out;302;1,7253;;;;
GET;/authenticated/system/sign-out;302;1,9074;;;;
GET;/authenticated/system/sign-out;302;1,7471;;;;
GET;/authenticated/system/sign-out;302;1,6435;;;;
GET;/authenticated/system/sign-out;302;1,9438;;;;
GET;/authenticated/system/sign-out;302;3,0686;;;;
GET;/authenticated/system/sign-out;302;2,8763;;;;
GET;/authenticated/system/sign-out;302;2,4205;;;;
GET;/authenticated/system/sign-out;302;3,3349;;;;
GET;/authenticated/system/sign-out;302;3,3678;;;;
GET;/authenticated/system/sign-out;302;3,218;;;;
GET;/authenticated/system/sign-out;302;3,0202;;;;
GET;/authenticated/system/sign-out;302;2,996;;;;
GET;/authenticated/system/sign-out;302;3,0432;;;;
GET;/flight-crew-member/activity-log/create;200;20,0353;;;;
POST;/flight-crew-member/activity-log/create;200;45,1605;;;;
GET;/flight-crew-member/activity-log/create;200;26,2589;;;;
POST;/flight-crew-member/activity-log/create;200;53,1344;;;;
GET;/flight-crew-member/activity-log/create;200;26,3819;;;;
POST;/flight-crew-member/activity-log/create;200;51,0466;;;;
GET;/flight-crew-member/activity-log/create;200;21,8237;;;;
POST;/flight-crew-member/activity-log/create;200;47,6755;;;;
GET;/flight-crew-member/activity-log/create;200;18,8857;;;;
POST;/flight-crew-member/activity-log/create;200;48,8093;;;;
POST;/flight-crew-member/activity-log/create;200;40,2755;;;;
POST;/flight-crew-member/activity-log/create;200;43,4588;;;;
POST;/flight-crew-member/activity-log/create;200;60,6325;;;;
POST;/flight-crew-member/activity-log/create;200;55,619;;;;
POST;/flight-crew-member/activity-log/create;200;50,5908;;;;
POST;/flight-crew-member/activity-log/create;200;60,6901;;;;
GET;/flight-crew-member/activity-log/create;200;10,5865;;;;
POST;/flight-crew-member/activity-log/create;200;30,7246;;;;
POST;/flight-crew-member/activity-log/create;200;21,5657;;;;
GET;/flight-crew-member/activity-log/create;200;10,298;;;;
POST;/flight-crew-member/activity-log/create;500;29,2331;;;;
GET;/flight-crew-member/activity-log/create;500;33,7345;;;;
GET;/flight-crew-member/activity-log/create;500;28,5905;;;;
GET;/flight-crew-member/activity-log/create;500;20,1148;;;;
GET;/flight-crew-member/activity-log/create;500;30,3589;;;;
GET;/flight-crew-member/activity-log/create;500;26,5774;;;;
GET;/flight-crew-member/activity-log/create;200;17,1031;;;;
POST;/flight-crew-member/activity-log/create;200;18,8604;;;;
GET;/flight-crew-member/activity-log/create;200;12,0426;;;;
POST;/flight-crew-member/activity-log/delete;200;28,1214;;;;
POST;/flight-crew-member/activity-log/delete;200;52,1849;;;;
GET;/flight-crew-member/activity-log/delete;500;10,0207;;;;
GET;/flight-crew-member/activity-log/delete;500;13,6099;;;;
GET;/flight-crew-member/activity-log/delete;500;12,6545;;;;
GET;/flight-crew-member/activity-log/delete;500;13,7809;;;;
GET;/flight-crew-member/activity-log/delete;500;10,0247;;;;
POST;/flight-crew-member/activity-log/delete;500;13,8599;;;;
GET;/flight-crew-member/activity-log/delete;500;12,9457;;;;
GET;/flight-crew-member/activity-log/list;200;24,3137;;;;
GET;/flight-crew-member/activity-log/list;200;15,7848;;;;
GET;/flight-crew-member/activity-log/list;200;15,0312;;;;
GET;/flight-crew-member/activity-log/list;200;13,5094;;;;
GET;/flight-crew-member/activity-log/list;200;16,5929;;;;
GET;/flight-crew-member/activity-log/list;200;11,1849;;;;
GET;/flight-crew-member/activity-log/list;200;16,486;;;;
GET;/flight-crew-member/activity-log/list;200;13,8163;;;;
GET;/flight-crew-member/activity-log/list;200;10,6754;;;;
GET;/flight-crew-member/activity-log/list;200;14,8099;;;;
GET;/flight-crew-member/activity-log/list;200;7,9504;;;;
GET;/flight-crew-member/activity-log/list;200;8,1743;;;;
GET;/flight-crew-member/activity-log/list;200;9,5361;;;;
GET;/flight-crew-member/activity-log/list;200;9,9438;;;;
GET;/flight-crew-member/activity-log/list;200;8,0228;;;;
GET;/flight-crew-member/activity-log/list;200;6,5318;;;;
GET;/flight-crew-member/activity-log/list;200;5,261;;;;
GET;/flight-crew-member/activity-log/list;200;4,9518;;;;
GET;/flight-crew-member/activity-log/list;200;5,6588;;;;
GET;/flight-crew-member/activity-log/list;500;10,7953;;;;
GET;/flight-crew-member/activity-log/list;500;10,9965;;;;
GET;/flight-crew-member/activity-log/list;500;12,4005;;;;
GET;/flight-crew-member/activity-log/list;200;5,4492;;;;
GET;/flight-crew-member/activity-log/list;200;5,41;;;;
GET;/flight-crew-member/activity-log/list;200;7,8219;;;;
GET;/flight-crew-member/activity-log/list;500;20,169;;;;
GET;/flight-crew-member/activity-log/list;200;7,887;;;;
GET;/flight-crew-member/activity-log/list;200;6,7054;;;;
GET;/flight-crew-member/activity-log/list;200;7,5244;;;;
GET;/flight-crew-member/activity-log/list;200;10,9964;;;;
GET;/flight-crew-member/activity-log/list;200;7,3942;;;;
GET;/flight-crew-member/activity-log/list;200;17,1568;;;;
GET;/flight-crew-member/activity-log/list;200;9,7701;;;;
GET;/flight-crew-member/activity-log/list;200;8,4038;;;;
GET;/flight-crew-member/activity-log/list;200;8,5209;;;;
POST;/flight-crew-member/activity-log/publish;200;28,5691;;;;
POST;/flight-crew-member/activity-log/publish;200;43,664;;;;
POST;/flight-crew-member/activity-log/publish;200;10,1079;;;;
GET;/flight-crew-member/activity-log/publish;500;9,8964;;;;
GET;/flight-crew-member/activity-log/publish;500;18,3862;;;;
GET;/flight-crew-member/activity-log/publish;500;13,0929;;;;
GET;/flight-crew-member/activity-log/publish;500;10,3848;;;;
GET;/flight-crew-member/activity-log/publish;500;13,8616;;;;
POST;/flight-crew-member/activity-log/publish;500;14,101;;;;
POST;/flight-crew-member/activity-log/publish;200;23,7281;;;;
GET;/flight-crew-member/activity-log/show;200;14,1153;;;;
GET;/flight-crew-member/activity-log/show;200;15,6813;;;;
GET;/flight-crew-member/activity-log/show;200;11,363;;;;
GET;/flight-crew-member/activity-log/show;200;12,0949;;;;
GET;/flight-crew-member/activity-log/show;200;7,312;;;;
GET;/flight-crew-member/activity-log/show;200;6,5813;;;;
GET;/flight-crew-member/activity-log/show;200;6,6857;;;;
GET;/flight-crew-member/activity-log/show;200;6,0582;;;;
GET;/flight-crew-member/activity-log/show;200;6,2405;;;;
GET;/flight-crew-member/activity-log/show;200;6,3547;;;;
GET;/flight-crew-member/activity-log/show;200;6,5823;;;;
GET;/flight-crew-member/activity-log/show;200;6,3429;;;;
GET;/flight-crew-member/activity-log/show;200;9,4588;;;;
GET;/flight-crew-member/activity-log/show;500;18,905;;;;
GET;/flight-crew-member/activity-log/show;500;31,1271;;;;
GET;/flight-crew-member/activity-log/show;500;27,5663;;;;
GET;/flight-crew-member/activity-log/show;200;11,0503;;;;
GET;/flight-crew-member/activity-log/show;200;10,6575;;;;
GET;/flight-crew-member/activity-log/show;200;13,8356;;;;
GET;/flight-crew-member/activity-log/show;200;10,6817;;;;
GET;/flight-crew-member/activity-log/show;200;10,7958;;;;
GET;/flight-crew-member/activity-log/show;200;12,7887;;;;
GET;/flight-crew-member/activity-log/show;200;9,8029;;;;
POST;/flight-crew-member/activity-log/update;200;29,5127;;;;
POST;/flight-crew-member/activity-log/update;200;26,5902;;;;
POST;/flight-crew-member/activity-log/update;200;30,1139;;;;
POST;/flight-crew-member/activity-log/update;200;26,2029;;;;
POST;/flight-crew-member/activity-log/update;200;16,0235;;;;
GET;/flight-crew-member/activity-log/update;500;12,97;;;;
GET;/flight-crew-member/activity-log/update;500;23,8574;;;;
GET;/flight-crew-member/activity-log/update;500;24,4419;;;;
POST;/flight-crew-member/activity-log/update;500;32,1379;;;;
POST;/flight-crew-member/activity-log/update;500;25,8868;;;;
GET;/flight-crew-member/activity-log/update;500;23,569;;;;
GET;/flight-crew-member/activity-log/update;500;18,6535;;;;
GET;/flight-crew-member/activity-log/update;500;18,8706;;;;
GET;/flight-crew-member/activity-log/update;500;22,4161;;;;
GET;/flight-crew-member/activity-log/update;500;23,0763;;;;
GET;/flight-crew-member/activity-log/update;500;24,9477;;;;
GET;/flight-crew-member/activity-log/update;500;24,0112;;;;
GET;/flight-crew-member/flight-assignment/completed-list;200;37,6388;;;;
GET;/flight-crew-member/flight-assignment/completed-list;200;16,8217;;;;
GET;/flight-crew-member/flight-assignment/completed-list;200;34,5363;;;;
GET;/flight-crew-member/flight-assignment/completed-list;200;16,1641;;;;
GET;/flight-crew-member/flight-assignment/completed-list;200;15,2962;;;;
GET;/flight-crew-member/flight-assignment/completed-list;200;12,0086;;;;
GET;/flight-crew-member/flight-assignment/completed-list;200;8,4288;;;;
GET;/flight-crew-member/flight-assignment/completed-list;200;6,7154;;;;
GET;/flight-crew-member/flight-assignment/completed-list;200;12,2185;;;;
GET;/flight-crew-member/flight-assignment/completed-list;200;9,1149;;;;
GET;/flight-crew-member/flight-assignment/completed-list;200;9,0116;;;;
GET;/flight-crew-member/flight-assignment/completed-list;200;8,4568;;;;
GET;/flight-crew-member/flight-assignment/completed-list;200;10,25;;;;
GET;/flight-crew-member/flight-assignment/completed-list;200;6,8185;;;;
GET;/flight-crew-member/flight-assignment/completed-list;200;7,1969;;;;
GET;/flight-crew-member/flight-assignment/completed-list;200;8,4876;;;;
GET;/flight-crew-member/flight-assignment/completed-list;200;5,2439;;;;
GET;/flight-crew-member/flight-assignment/completed-list;200;4,6889;;;;
GET;/flight-crew-member/flight-assignment/completed-list;200;4,265;;;;
GET;/flight-crew-member/flight-assignment/completed-list;200;5,1296;;;;
GET;/flight-crew-member/flight-assignment/completed-list;200;5,1942;;;;
GET;/flight-crew-member/flight-assignment/completed-list;200;10,0729;;;;
GET;/flight-crew-member/flight-assignment/completed-list;200;6,1687;;;;
GET;/flight-crew-member/flight-assignment/completed-list;200;6,0674;;;;
GET;/flight-crew-member/flight-assignment/completed-list;200;6,7591;;;;
GET;/flight-crew-member/flight-assignment/completed-list;200;3,9688;;;;
GET;/flight-crew-member/flight-assignment/completed-list;200;8,1009;;;;
GET;/flight-crew-member/flight-assignment/completed-list;200;5,7681;;;;
GET;/flight-crew-member/flight-assignment/completed-list;200;6,7071;;;;
GET;/flight-crew-member/flight-assignment/completed-list;200;7,9822;;;;
GET;/flight-crew-member/flight-assignment/completed-list;200;9,18;;;;
GET;/flight-crew-member/flight-assignment/completed-list;200;6,9444;;;;
GET;/flight-crew-member/flight-assignment/completed-list;200;8,0105;;;;
GET;/flight-crew-member/flight-assignment/completed-list;200;10,3259;;;;
GET;/flight-crew-member/flight-assignment/create;200;73,4582;;;;
POST;/flight-crew-member/flight-assignment/create;200;84,4126;;;;
POST;/flight-crew-member/flight-assignment/create;200;75,4678;;;;
POST;/flight-crew-member/flight-assignment/create;200;96,4393;;;;
POST;/flight-crew-member/flight-assignment/create;200;100,9237;;;;
POST;/flight-crew-member/flight-assignment/create;200;102,0513;;;;
POST;/flight-crew-member/flight-assignment/create;200;90,5824;;;;
POST;/flight-crew-member/flight-assignment/create;200;121,2022;;;;
POST;/flight-crew-member/flight-assignment/create;200;84,148;;;;
POST;/flight-crew-member/flight-assignment/create;200;29,8934;;;;
GET;/flight-crew-member/flight-assignment/create;200;38,9726;;;;
POST;/flight-crew-member/flight-assignment/create;200;22,5712;;;;
GET;/flight-crew-member/flight-assignment/create;200;21,3008;;;;
POST;/flight-crew-member/flight-assignment/create;200;25,0721;;;;
GET;/flight-crew-member/flight-assignment/create;200;25,2634;;;;
POST;/flight-crew-member/flight-assignment/create;500;10,4682;;;;
GET;/flight-crew-member/flight-assignment/create;200;20,6787;;;;
POST;/flight-crew-member/flight-assignment/create;500;10,1928;;;;
GET;/flight-crew-member/flight-assignment/create;200;21,613;;;;
POST;/flight-crew-member/flight-assignment/create;500;9,9329;;;;
GET;/flight-crew-member/flight-assignment/create;200;21,2858;;;;
POST;/flight-crew-member/flight-assignment/create;500;10,541;;;;
GET;/flight-crew-member/flight-assignment/create;200;21,3253;;;;
POST;/flight-crew-member/flight-assignment/create;500;11,8778;;;;
GET;/flight-crew-member/flight-assignment/create;200;38,322;;;;
POST;/flight-crew-member/flight-assignment/create;200;23,0474;;;;
POST;/flight-crew-member/flight-assignment/delete;200;142,4842;;;;
POST;/flight-crew-member/flight-assignment/delete;200;45,9407;;;;
GET;/flight-crew-member/flight-assignment/delete;500;9,929;;;;
GET;/flight-crew-member/flight-assignment/delete;500;12,0432;;;;
GET;/flight-crew-member/flight-assignment/delete;500;10,3354;;;;
GET;/flight-crew-member/flight-assignment/delete;500;12,6421;;;;
GET;/flight-crew-member/flight-assignment/delete;200;21,3125;;;;
POST;/flight-crew-member/flight-assignment/delete;500;12,5867;;;;
GET;/flight-crew-member/flight-assignment/delete;200;20,4113;;;;
GET;/flight-crew-member/flight-assignment/planned-list;200;13,3005;;;;
GET;/flight-crew-member/flight-assignment/planned-list;200;9,9732;;;;
GET;/flight-crew-member/flight-assignment/planned-list;200;12,6367;;;;
GET;/flight-crew-member/flight-assignment/planned-list;200;5,7189;;;;
GET;/flight-crew-member/flight-assignment/planned-list;200;8,2424;;;;
GET;/flight-crew-member/flight-assignment/planned-list;200;7,1686;;;;
GET;/flight-crew-member/flight-assignment/planned-list;200;10,9994;;;;
GET;/flight-crew-member/flight-assignment/planned-list;200;11,2634;;;;
GET;/flight-crew-member/flight-assignment/planned-list;200;4,5711;;;;
GET;/flight-crew-member/flight-assignment/planned-list;200;4,9331;;;;
GET;/flight-crew-member/flight-assignment/planned-list;200;6,058;;;;
GET;/flight-crew-member/flight-assignment/planned-list;200;4,8455;;;;
GET;/flight-crew-member/flight-assignment/planned-list;200;4,3028;;;;
GET;/flight-crew-member/flight-assignment/planned-list;200;2,6906;;;;
GET;/flight-crew-member/flight-assignment/planned-list;200;9,8211;;;;
GET;/flight-crew-member/flight-assignment/planned-list;200;5,8257;;;;
GET;/flight-crew-member/flight-assignment/planned-list;200;7,059;;;;
GET;/flight-crew-member/flight-assignment/planned-list;200;9,944;;;;
GET;/flight-crew-member/flight-assignment/planned-list;200;7,4905;;;;
GET;/flight-crew-member/flight-assignment/planned-list;200;7,6015;;;;
POST;/flight-crew-member/flight-assignment/publish;200;45,3018;;;;
POST;/flight-crew-member/flight-assignment/publish;200;57,0215;;;;
POST;/flight-crew-member/flight-assignment/publish;200;67,1268;;;;
POST;/flight-crew-member/flight-assignment/publish;200;87,4609;;;;
POST;/flight-crew-member/flight-assignment/publish;200;65,6121;;;;
POST;/flight-crew-member/flight-assignment/publish;200;68,706;;;;
POST;/flight-crew-member/flight-assignment/publish;200;85,4551;;;;
POST;/flight-crew-member/flight-assignment/publish;200;73,8659;;;;
POST;/flight-crew-member/flight-assignment/publish;200;83,8249;;;;
POST;/flight-crew-member/flight-assignment/publish;200;71,3162;;;;
POST;/flight-crew-member/flight-assignment/publish;200;22,5586;;;;
POST;/flight-crew-member/flight-assignment/publish;500;11,8076;;;;
GET;/flight-crew-member/flight-assignment/publish;500;10,5259;;;;
GET;/flight-crew-member/flight-assignment/publish;500;22,5982;;;;
GET;/flight-crew-member/flight-assignment/publish;500;22,3181;;;;
GET;/flight-crew-member/flight-assignment/publish;500;21,2927;;;;
GET;/flight-crew-member/flight-assignment/publish;500;27,5637;;;;
GET;/flight-crew-member/flight-assignment/publish;200;41,5854;;;;
POST;/flight-crew-member/flight-assignment/publish;500;22,3598;;;;
GET;/flight-crew-member/flight-assignment/publish;200;36,6037;;;;
POST;/flight-crew-member/flight-assignment/publish;500;26,1063;;;;
GET;/flight-crew-member/flight-assignment/publish;200;37,6416;;;;
POST;/flight-crew-member/flight-assignment/publish;500;29,6768;;;;
GET;/flight-crew-member/flight-assignment/publish;200;49,2519;;;;
POST;/flight-crew-member/flight-assignment/publish;500;23,6141;;;;
GET;/flight-crew-member/flight-assignment/publish;200;47,5075;;;;
POST;/flight-crew-member/flight-assignment/publish;500;22,0708;;;;
GET;/flight-crew-member/flight-assignment/publish;200;35,5019;;;;
POST;/flight-crew-member/flight-assignment/publish;500;22,0313;;;;
GET;/flight-crew-member/flight-assignment/publish;200;49,9756;;;;
POST;/flight-crew-member/flight-assignment/publish;500;23,8217;;;;
GET;/flight-crew-member/flight-assignment/publish;200;39,4305;;;;
POST;/flight-crew-member/flight-assignment/publish;500;24,4587;;;;
POST;/flight-crew-member/flight-assignment/publish;200;18,7172;;;;
POST;/flight-crew-member/flight-assignment/publish;200;61,9739;;;;
POST;/flight-crew-member/flight-assignment/publish;500;25,2323;;;;
POST;/flight-crew-member/flight-assignment/publish;500;25,031;;;;
POST;/flight-crew-member/flight-assignment/publish;500;28,8364;;;;
POST;/flight-crew-member/flight-assignment/publish;500;21,6541;;;;
GET;/flight-crew-member/flight-assignment/show;200;92,3652;;;;
GET;/flight-crew-member/flight-assignment/show;200;65,2545;;;;
GET;/flight-crew-member/flight-assignment/show;200;87,7406;;;;
GET;/flight-crew-member/flight-assignment/show;200;82,6881;;;;
GET;/flight-crew-member/flight-assignment/show;200;73,5079;;;;
GET;/flight-crew-member/flight-assignment/show;200;43,5589;;;;
GET;/flight-crew-member/flight-assignment/show;200;42,937;;;;
GET;/flight-crew-member/flight-assignment/show;200;43,8636;;;;
GET;/flight-crew-member/flight-assignment/show;200;41,9167;;;;
GET;/flight-crew-member/flight-assignment/show;200;43,5127;;;;
GET;/flight-crew-member/flight-assignment/show;200;49,8303;;;;
GET;/flight-crew-member/flight-assignment/show;200;43,3024;;;;
GET;/flight-crew-member/flight-assignment/show;200;43,1424;;;;
GET;/flight-crew-member/flight-assignment/show;200;45,7801;;;;
GET;/flight-crew-member/flight-assignment/show;200;22,2789;;;;
GET;/flight-crew-member/flight-assignment/show;200;42,1751;;;;
GET;/flight-crew-member/flight-assignment/show;200;26,5619;;;;
GET;/flight-crew-member/flight-assignment/show;200;22,2304;;;;
GET;/flight-crew-member/flight-assignment/show;200;20,7421;;;;
GET;/flight-crew-member/flight-assignment/show;200;20,5605;;;;
GET;/flight-crew-member/flight-assignment/show;200;21,5535;;;;
GET;/flight-crew-member/flight-assignment/show;200;21,4173;;;;
GET;/flight-crew-member/flight-assignment/show;200;34,9734;;;;
GET;/flight-crew-member/flight-assignment/show;200;36,8503;;;;
GET;/flight-crew-member/flight-assignment/show;500;23,7343;;;;
GET;/flight-crew-member/flight-assignment/show;500;23,2634;;;;
GET;/flight-crew-member/flight-assignment/show;500;22,9657;;;;
GET;/flight-crew-member/flight-assignment/show;200;34,6795;;;;
GET;/flight-crew-member/flight-assignment/show;200;39,5777;;;;
GET;/flight-crew-member/flight-assignment/show;200;41,3077;;;;
GET;/flight-crew-member/flight-assignment/show;200;49,2606;;;;
GET;/flight-crew-member/flight-assignment/show;200;53,4144;;;;
GET;/flight-crew-member/flight-assignment/show;200;39,0757;;;;
GET;/flight-crew-member/flight-assignment/show;200;38,926;;;;
GET;/flight-crew-member/flight-assignment/show;200;42,6717;;;;
GET;/flight-crew-member/flight-assignment/show;200;35,1563;;;;
GET;/flight-crew-member/flight-assignment/show;200;58,0132;;;;
GET;/flight-crew-member/flight-assignment/show;200;39,7815;;;;
GET;/flight-crew-member/flight-assignment/show;200;33,4444;;;;
POST;/flight-crew-member/flight-assignment/update;200;36,0366;;;;
POST;/flight-crew-member/flight-assignment/update;200;37,2855;;;;
POST;/flight-crew-member/flight-assignment/update;200;34,052;;;;
POST;/flight-crew-member/flight-assignment/update;200;44,2672;;;;
POST;/flight-crew-member/flight-assignment/update;200;32,1021;;;;
POST;/flight-crew-member/flight-assignment/update;200;51,2812;;;;
POST;/flight-crew-member/flight-assignment/update;200;49,2383;;;;
POST;/flight-crew-member/flight-assignment/update;200;43,792;;;;
POST;/flight-crew-member/flight-assignment/update;200;45,0516;;;;
POST;/flight-crew-member/flight-assignment/update;200;49,7144;;;;
POST;/flight-crew-member/flight-assignment/update;200;35,5626;;;;
POST;/flight-crew-member/flight-assignment/update;200;14,6381;;;;
GET;/flight-crew-member/flight-assignment/update;200;50,5964;;;;
POST;/flight-crew-member/flight-assignment/update;200;77,5425;;;;
POST;/flight-crew-member/flight-assignment/update;500;23,4694;;;;
GET;/flight-crew-member/flight-assignment/update;200;52,4173;;;;
POST;/flight-crew-member/flight-assignment/update;500;25,3608;;;;
POST;/flight-crew-member/flight-assignment/update;200;64,1261;;;;
GET;/flight-crew-member/flight-assignment/update;500;22,2773;;;;
GET;/flight-crew-member/flight-assignment/update;500;19,7793;;;;
GET;/flight-crew-member/flight-assignment/update;500;21,7896;;;;
GET;/flight-crew-member/flight-assignment/update;500;26,0419;;;;
GET;/flight-crew-member/flight-assignment/update;200;39,2087;;;;
POST;/flight-crew-member/flight-assignment/update;500;21,3204;;;;
GET;/flight-crew-member/flight-assignment/update;200;44,2764;;;;
POST;/flight-crew-member/flight-assignment/update;500;23,3048;;;;
GET;/flight-crew-member/flight-assignment/update;500;24,2073;;;;
GET;/flight-crew-member/flight-assignment/update;200;49,9471;;;;
GET;/flight-crew-member/flight-assignment/update;200;34,6534;;;;
GET;/flight-crew-member/flight-assignment/update;200;53,8182;;;;
GET;/flight-crew-member/flight-assignment/update;200;34,4253;;;;
POST;/flight-crew-member/flight-assignment/update;500;23,4085;;;;
GET;/flight-crew-member/flight-assignment/update;200;38,6061;;;;
POST;/flight-crew-member/flight-assignment/update;500;31,8132;;;;
GET;/flight-crew-member/flight-assignment/update;200;45,1163;;;;
POST;/flight-crew-member/flight-assignment/update;500;23,4213;;;;
GET;/flight-crew-member/flight-assignment/update;200;37,8834;;;;
POST;/flight-crew-member/flight-assignment/update;500;21,3318;;;;
